state,summit_elev,vertical_drop,base_elev,trams,fastEight,fastSixes,fastQuads,quad,triple,double,surface,total_chairs,Runs,TerrainParks,LongestRun_mi,SkiableTerrain_ac,Snow Making_ac,daysOpenLastYear,yearsOpen,averageSnowfall,AdultWeekday,AdultWeekend,projectedDaysOpen,NightSkiing_ac
Alaska,2876.3333333333335,1444.6666666666667,1082.0,0.3333333333333333,0.0,0.0,0.6666666666666666,0.6666666666666666,0.3333333333333333,1.3333333333333333,1.3333333333333333,4.666666666666667,41.666666666666664,1.3333333333333333,1.3333333333333333,760.0,67.66666666666667,115.0,46.666666666666664,362.6666666666667,47.333333333333336,57.333333333333336,130.66666666666666,290.0
Arizona,11300.0,2050.0,9200.0,0.0,0.0,0.5,0.5,2.0,2.5,1.0,1.0,7.5,60.0,3.0,1.6,788.5,92.0,118.5,65.0,255.0,81.5,83.5,113.0,80.0
California,8524.47619047619,1643.047619047619,6903.428571428572,0.38095238095238093,0.0,0.2857142857142857,2.0476190476190474,0.6666666666666666,2.4285714285714284,2.9047619047619047,2.857142857142857,11.571428571428571,53.95238095238095,4.2631578947368425,1.842857142857143,1235.6190476190477,475.88235294117646,152.11111111111111,66.19047619047619,310.9047619047619,78.21428571428571,81.41666666666667,146.45,146.75
Colorado,11535.772727272728,2499.8636363636365,9066.454545454546,0.6818181818181818,0.0,0.8181818181818182,4.0,0.8181818181818182,1.6818181818181819,2.3636363636363638,4.5,14.863636363636363,121.23809523809524,3.7,2.7181818181818183,3121.909090909091,324.57894736842104,148.0909090909091,60.22727272727273,303.40909090909093,90.71428571428571,90.71428571428571,144.76190476190476,107.0
Connecticut,930.0,510.0,420.0,0.0,0.0,0.0,0.0,0.0,2.2,1.0,2.8,6.0,17.2,2.5,0.7,71.6,67.8,88.25,58.8,73.4,47.8,56.8,116.0,51.2
Idaho,7415.166666666667,1820.8333333333333,5595.833333333333,0.16666666666666666,0.0,0.08333333333333333,1.4166666666666667,0.25,1.3333333333333333,1.75,1.5833333333333333,6.583333333333333,57.75,2.7,1.7750000000000001,1366.3333333333333,171.28571428571428,113.6,61.833333333333336,292.72727272727275,56.55555555555556,55.9,131.125,83.0
Illinois,707.5,254.25,453.25,0.0,,0.0,0.0,1.25,1.0,0.5,4.5,7.25,12.75,1.5,0.30000000000000004,47.75,47.75,73.66666666666667,52.25,34.25,35.0,43.333333333333336,84.5,47.75
Indiana,850.0,350.0,500.0,0.0,0.0,0.0,0.5,1.5,3.0,0.5,4.0,9.5,19.0,2.0,0.7,82.5,82.5,78.5,40.0,21.0,45.0,48.5,85.0,82.5
Iowa,1178.0,350.0,861.3333333333334,0.0,0.0,0.0,0.0,0.6666666666666666,1.0,1.0,1.3333333333333333,4.0,14.333333333333334,1.6666666666666667,0.6,46.666666666666664,46.666666666666664,100.0,42.0,38.333333333333336,35.666666666666664,41.666666666666664,100.0,46.666666666666664
Maine,1945.0,1132.4444444444443,719.2222222222222,0.1111111111111111,0.0,0.0,0.6666666666666666,1.0,0.8888888888888888,1.4444444444444444,1.7777777777777777,5.888888888888889,55.666666666666664,2.8333333333333335,1.3444444444444443,402.0,248.85714285714286,108.125,54.333333333333336,115.85714285714286,51.5,61.0,112.0,77.6
Maryland,3115.0,700.0,2415.0,0.0,,0.0,0.0,2.0,5.0,0.0,5.0,12.0,34.0,3.0,1.5,172.0,118.0,121.0,64.0,100.0,59.0,79.0,120.0,118.0
Massachusetts,1473.5454545454545,632.0,824.7272727272727,0.0,0.0,0.09090909090909091,0.2727272727272727,0.6363636363636364,1.0909090909090908,1.0909090909090908,3.8181818181818183,7.0,23.90909090909091,1.6363636363636365,1.05,106.0,88.9090909090909,111.83333333333333,56.54545454545455,84.77777777777777,40.9,57.2,117.42857142857143,72.875
Michigan,1195.8275862068965,394.2068965517241,794.7241379310345,0.0,0.0,0.034482758620689655,0.10344827586206896,1.0689655172413792,1.5172413793103448,1.6896551724137931,3.310344827586207,7.724137931034483,27.071428571428573,2.75,0.6464285714285714,154.68965517241378,128.22222222222223,103.8695652173913,124.51724137931035,133.53846153846155,45.458333333333336,52.57692307692308,111.36363636363636,84.6086956521739
Minnesota,1251.5,361.7142857142857,886.2142857142857,0.07142857142857142,0.0,0.07142857142857142,0.14285714285714285,1.5,1.0,2.4285714285714284,2.7857142857142856,8.0,25.428571428571427,2.6363636363636362,0.823076923076923,111.42857142857143,99.85714285714286,106.42857142857143,49.642857142857146,64.0,44.59571428571429,49.667142857142856,111.57142857142857,78.46153846153847
Missouri,1833.0,305.0,1558.0,0.0,0.0,0.0,0.0,1.0,2.0,0.5,2.5,6.0,15.5,2.0,0.2,30.0,30.0,69.0,35.0,23.0,43.0,48.0,85.0,23.5
Montana,8164.583333333333,2161.0833333333335,6060.5,0.08333333333333333,0.14285714285714285,0.16666666666666666,0.8333333333333334,0.5,2.25,2.4166666666666665,2.5833333333333335,8.916666666666666,84.58333333333333,3.0,2.3583333333333334,1784.1666666666667,255.85714285714286,105.66666666666667,62.083333333333336,272.75,51.90909090909091,51.90909090909091,118.55555555555556,236.66666666666666
Nevada,9132.25,1300.0,7442.5,0.0,0.0,0.5,0.25,1.5,0.75,1.0,1.0,5.0,32.25,3.0,1.575,527.5,218.5,103.75,46.75,208.75,78.5,81.0,113.0,
New Hampshire,2525.5,1370.4375,1142.5625,0.125,0.0,0.0625,1.1875,0.6875,1.8125,1.0625,2.5625,7.5,50.4375,3.0714285714285716,1.575,214.1875,179.875,123.13333333333334,61.125,132.375,65.57142857142857,76.5,128.6,62.666666666666664
New Jersey,1103.0,657.0,445.0,0.5,,0.0,1.0,1.0,0.5,1.5,3.0,7.5,29.0,2.0,1.15,95.0,95.0,85.0,56.0,55.0,79.99,79.99,100.0,90.5
New Mexico,10803.888888888889,1683.111111111111,9136.555555555555,0.2222222222222222,0.0,0.0,0.3333333333333333,1.0,2.0,1.5555555555555556,1.8888888888888888,7.0,61.333333333333336,2.25,2.3444444444444446,580.3333333333334,232.42857142857142,107.33333333333333,61.44444444444444,203.0,65.66666666666667,65.66666666666667,116.125,50.0
New York,2145.848484848485,889.2727272727273,1217.8484848484848,0.09090909090909091,0.0,0.09090909090909091,0.3939393939393939,0.7878787878787878,1.0606060606060606,1.878787878787879,2.4545454545454546,6.757575757575758,34.90909090909091,2.88,1.18125,167.0909090909091,144.25,108.36363636363636,56.75757575757576,131.26666666666668,50.03225806451613,58.945454545454545,112.125,113.44
North Carolina,4726.0,675.8333333333334,4045.0,0.0,0.0,0.16666666666666666,0.0,1.3333333333333333,0.3333333333333333,1.6666666666666667,2.0,5.5,16.6,1.5,0.9333333333333332,61.666666666666664,61.666666666666664,101.2,53.5,49.5,41.833333333333336,64.16666666666667,97.6,55.833333333333336
Ohio,1235.4,267.0,971.2,0.0,0.0,0.0,0.0,0.8,3.8,2.0,3.4,10.0,13.2,2.4,0.3,84.2,84.2,97.8,56.0,61.6,42.2,45.4,95.0,84.2
Oregon,6742.4,1694.0,5144.4,0.0,0.0,0.1,1.9,0.3,1.1,1.6,1.5,6.5,42.3,3.6666666666666665,1.72,1177.4,36.333333333333336,118.0,63.1,334.0,58.857142857142854,59.857142857142854,138.9,187.83333333333334
Pennsylvania,1821.1052631578948,699.6842105263158,1122.6315789473683,0.0,0.0,0.15789473684210525,0.2631578947368421,1.2105263157894737,1.263157894736842,2.3157894736842106,2.6842105263157894,7.894736842105263,21.57894736842105,2.611111111111111,0.9388888888888888,104.88888888888889,101.27777777777777,93.6,51.10526315789474,54.44444444444444,52.705882352941174,63.6875,95.88888888888889,89.88235294117646
Rhode Island,315.0,245.0,70.0,0.0,,0.0,0.0,0.0,0.0,2.0,2.0,4.0,13.0,1.0,0.2,30.0,30.0,100.0,54.0,40.0,,,100.0,30.0
South Dakota,6975.0,1020.0,5970.0,0.0,0.0,0.0,1.5,0.0,1.0,0.5,1.5,4.5,46.5,1.5,1.4,475.0,137.5,91.5,58.0,175.0,51.5,51.5,100.5,
Tennessee,3300.0,600.0,2700.0,0.0,,0.0,0.0,2.0,0.0,1.0,1.0,4.0,10.0,1.0,1.0,,,83.0,44.0,35.0,36.0,65.0,94.0,
Utah,9709.076923076924,2261.3076923076924,7479.307692307692,0.6923076923076923,0.0,0.5384615384615384,3.3076923076923075,1.0769230769230769,2.230769230769231,1.6153846153846154,1.6923076923076923,11.153846153846153,105.92307692307692,2.6,1.8923076923076925,2346.769230769231,326.3333333333333,140.36363636363637,56.92307692307692,406.15384615384613,89.08333333333333,93.0,137.0,160.5
Vermont,3500.0666666666666,1991.9333333333334,1503.3333333333333,0.4666666666666667,0.0,0.4666666666666667,1.6,1.8666666666666667,1.4666666666666666,2.1333333333333333,2.6666666666666665,10.666666666666666,79.86666666666666,4.166666666666667,2.7333333333333334,482.6,278.6,136.69230769230768,67.73333333333333,225.46666666666667,83.5,87.9,135.76923076923077,50.0
Virginia,2847.5,828.25,2003.0,0.0,,0.5,0.0,1.25,0.5,0.75,2.25,5.25,14.5,2.0,0.8,67.25,81.0,91.5,51.0,37.25,51.0,68.0,103.25,45.0
Washington,5784.5,1898.1,3968.8,0.1,0.0,0.2,1.2,1.4,1.4,3.3,1.7,9.3,54.77777777777778,2.625,1.41,1533.0,27.75,113.55555555555556,62.8,396.6,65.10714285714286,70.14428571428572,131.33333333333334,285.2857142857143
West Virginia,4248.25,988.25,3260.75,0.0,,0.0,0.75,1.25,3.25,0.75,1.75,7.75,43.5,2.25,1.475,135.5,130.5,114.0,41.75,147.5,62.5,79.75,116.5,62.333333333333336
Wisconsin,1273.375,351.1875,926.75,0.0,0.0,0.0625,0.4375,0.75,1.0,1.9375,3.25,7.4375,26.5,2.8666666666666667,0.6375,112.5,101.625,101.26666666666667,57.4,61.46666666666667,46.42857142857143,54.266666666666666,108.0,79.64285714285714
Wyoming,9033.625,1565.0,7514.5,0.375,0.0,0.0,0.75,0.875,0.875,1.125,0.75,4.75,50.625,2.0,1.55,815.375,105.0,119.33333333333333,59.375,292.7142857142857,57.6,56.166666666666664,116.0,110.0
